timeStamp,elapsed,label,responseCode,responseMessage,threadName,dataType,success,failureMessage,bytes,sentBytes,grpThreads,allThreads,URL,Latency,IdleTime,Connect
1656501309227,829,Bangladesh Data,200,OK,User 1-18,text,true,,1410,194,26,26,https://api.weatherapi.com/v1/current.json?key=c75b995e87074df99ea34434202409&q=Bangladesh&aqi=yes,818,0,511
1656501309622,439,Bangladesh Data,200,OK,User 1-20,text,true,,1406,194,26,26,https://api.weatherapi.com/v1/current.json?key=c75b995e87074df99ea34434202409&q=Bangladesh&aqi=yes,438,0,308
1656501307926,2138,Bangladesh Data,200,OK,User 1-5,text,true,,1410,194,26,26,https://api.weatherapi.com/v1/current.json?key=c75b995e87074df99ea34434202409&q=Bangladesh&aqi=yes,2138,0,1813
1656501309638,427,Bangladesh Data,200,OK,User 1-22,text,true,,1406,194,26,26,https://api.weatherapi.com/v1/current.json?key=c75b995e87074df99ea34434202409&q=Bangladesh&aqi=yes,412,0,318
1656501308827,1240,Bangladesh Data,200,OK,User 1-14,text,true,,1410,194,26,26,https://api.weatherapi.com/v1/current.json?key=c75b995e87074df99ea34434202409&q=Bangladesh&aqi=yes,1222,0,915
1656501309628,445,Bangladesh Data,200,OK,User 1-21,text,true,,1406,194,26,26,https://api.weatherapi.com/v1/current.json?key=c75b995e87074df99ea34434202409&q=Bangladesh&aqi=yes,445,0,304
1656501309129,948,Bangladesh Data,200,OK,User 1-17,text,true,,1410,194,26,26,https://api.weatherapi.com/v1/current.json?key=c75b995e87074df99ea34434202409&q=Bangladesh&aqi=yes,948,0,615
1656501309727,395,Bangladesh Data,200,OK,User 1-23,text,true,,1406,194,27,27,https://api.weatherapi.com/v1/current.json?key=c75b995e87074df99ea34434202409&q=Bangladesh&aqi=yes,395,0,324
1656501308727,1405,Bangladesh Data,200,OK,User 1-13,text,true,,1410,194,27,27,https://api.weatherapi.com/v1/current.json?key=c75b995e87074df99ea34434202409&q=Bangladesh&aqi=yes,1405,0,1012
1656501307808,2332,Bangladesh Data,200,OK,User 1-4,text,true,,1410,194,27,27,https://api.weatherapi.com/v1/current.json?key=c75b995e87074df99ea34434202409&q=Bangladesh&aqi=yes,2332,0,1930
1656501308224,1916,Bangladesh Data,200,OK,User 1-8,text,true,,1410,194,27,27,https://api.weatherapi.com/v1/current.json?key=c75b995e87074df99ea34434202409&q=Bangladesh&aqi=yes,1916,0,1523
1656501307671,2473,Bangladesh Data,200,OK,User 1-1,text,true,,1410,194,27,27,https://api.weatherapi.com/v1/current.json?key=c75b995e87074df99ea34434202409&q=Bangladesh&aqi=yes,2473,0,2076
1656501307671,2473,Bangladesh Data,200,OK,User 1-2,text,true,,1410,194,27,27,https://api.weatherapi.com/v1/current.json?key=c75b995e87074df99ea34434202409&q=Bangladesh&aqi=yes,2473,0,2073
1656501308926,1220,Bangladesh Data,200,OK,User 1-15,text,true,,1410,194,27,27,https://api.weatherapi.com/v1/current.json?key=c75b995e87074df99ea34434202409&q=Bangladesh&aqi=yes,1220,0,817
1656501309025,1123,Bangladesh Data,200,OK,User 1-16,text,true,,1410,194,27,27,https://api.weatherapi.com/v1/current.json?key=c75b995e87074df99ea34434202409&q=Bangladesh&aqi=yes,1122,0,722
1656501309359,789,Bangladesh Data,200,OK,User 1-19,text,true,,1410,194,27,27,https://api.weatherapi.com/v1/current.json?key=c75b995e87074df99ea34434202409&q=Bangladesh&aqi=yes,789,0,387
1656501308124,2025,Bangladesh Data,200,OK,User 1-7,text,true,,1410,194,27,27,https://api.weatherapi.com/v1/current.json?key=c75b995e87074df99ea34434202409&q=Bangladesh&aqi=yes,2025,0,1620
1656501308024,2127,Bangladesh Data,200,OK,User 1-6,text,true,,1410,194,27,27,https://api.weatherapi.com/v1/current.json?key=c75b995e87074df99ea34434202409&q=Bangladesh&aqi=yes,2127,0,1721
1656501308327,1826,Bangladesh Data,200,OK,User 1-9,text,true,,1410,194,27,27,https://api.weatherapi.com/v1/current.json?key=c75b995e87074df99ea34434202409&q=Bangladesh&aqi=yes,1826,0,1419
1656501308426,1732,Bangladesh Data,200,OK,User 1-10,text,true,,1410,194,27,27,https://api.weatherapi.com/v1/current.json?key=c75b995e87074df99ea34434202409&q=Bangladesh&aqi=yes,1731,0,1313
1656501308526,1635,Bangladesh Data,200,OK,User 1-11,text,true,,1410,194,27,27,https://api.weatherapi.com/v1/current.json?key=c75b995e87074df99ea34434202409&q=Bangladesh&aqi=yes,1634,0,1212
1656501308626,1536,Bangladesh Data,200,OK,User 1-12,text,true,,1410,194,27,27,https://api.weatherapi.com/v1/current.json?key=c75b995e87074df99ea34434202409&q=Bangladesh&aqi=yes,1536,0,1122
1656501307721,2465,Bangladesh Data,200,OK,User 1-3,text,true,,1410,194,27,27,https://api.weatherapi.com/v1/current.json?key=c75b995e87074df99ea34434202409&q=Bangladesh&aqi=yes,2465,0,2024
1656501309829,392,Bangladesh Data,200,OK,User 1-24,text,true,,1406,194,28,28,https://api.weatherapi.com/v1/current.json?key=c75b995e87074df99ea34434202409&q=Bangladesh&aqi=yes,392,0,322
1656501309916,376,Bangladesh Data,200,OK,User 1-25,text,true,,1406,194,28,28,https://api.weatherapi.com/v1/current.json?key=c75b995e87074df99ea34434202409&q=Bangladesh&aqi=yes,375,0,268
1656501310069,247,Indian Data,200,OK,User 1-22,text,true,,1210,188,29,29,https://api.weatherapi.com/v1/current.json?key=c75b995e87074df99ea34434202409&q=India&aqi=no,247,0,0
1656501310068,249,Indian Data,200,OK,User 1-14,text,true,,1210,188,29,29,https://api.weatherapi.com/v1/current.json?key=c75b995e87074df99ea34434202409&q=India&aqi=no,248,0,0
1656501310070,249,Indian Data,200,OK,User 1-5,text,true,,1210,188,29,29,https://api.weatherapi.com/v1/current.json?key=c75b995e87074df99ea34434202409&q=India&aqi=no,249,0,0
1656501310014,308,Bangladesh Data,200,OK,User 1-26,text,true,,1406,194,29,29,https://api.weatherapi.com/v1/current.json?key=c75b995e87074df99ea34434202409&q=Bangladesh&aqi=yes,307,0,237
1656501310292,65,Indian Data,200,OK,User 1-25,text,true,,1206,188,29,29,https://api.weatherapi.com/v1/current.json?key=c75b995e87074df99ea34434202409&q=India&aqi=no,64,0,0
1656501310322,70,Indian Data,200,OK,User 1-26,text,true,,1206,188,29,29,https://api.weatherapi.com/v1/current.json?key=c75b995e87074df99ea34434202409&q=India&aqi=no,70,0,0
1656501310114,280,Bangladesh Data,200,OK,User 1-27,text,true,,1406,194,29,29,https://api.weatherapi.com/v1/current.json?key=c75b995e87074df99ea34434202409&q=Bangladesh&aqi=yes,280,0,219
1656501310394,68,Indian Data,200,OK,User 1-27,text,true,,1206,188,30,30,https://api.weatherapi.com/v1/current.json?key=c75b995e87074df99ea34434202409&q=India&aqi=no,68,0,0
1656501310078,398,Indian Data,200,OK,User 1-17,text,true,,1210,188,30,30,https://api.weatherapi.com/v1/current.json?key=c75b995e87074df99ea34434202409&q=India&aqi=no,398,0,0
1656501310072,407,Indian Data,200,OK,User 1-18,text,true,,1210,188,30,30,https://api.weatherapi.com/v1/current.json?key=c75b995e87074df99ea34434202409&q=India&aqi=no,407,0,0
1656501310075,409,Indian Data,200,OK,User 1-21,text,true,,1210,188,30,30,https://api.weatherapi.com/v1/current.json?key=c75b995e87074df99ea34434202409&q=India&aqi=no,408,0,0
1656501310141,359,Indian Data,200,OK,User 1-8,text,true,,1210,188,30,30,https://api.weatherapi.com/v1/current.json?key=c75b995e87074df99ea34434202409&q=India&aqi=no,359,0,0
1656501310141,360,Indian Data,200,OK,User 1-4,text,true,,1210,188,30,30,https://api.weatherapi.com/v1/current.json?key=c75b995e87074df99ea34434202409&q=India&aqi=no,360,0,0
1656501310213,291,Bangladesh Data,200,OK,User 1-28,text,true,,1406,194,30,30,https://api.weatherapi.com/v1/current.json?key=c75b995e87074df99ea34434202409&q=Bangladesh&aqi=yes,291,0,228
1656501310133,376,Indian Data,200,OK,User 1-13,text,true,,1210,188,30,30,https://api.weatherapi.com/v1/current.json?key=c75b995e87074df99ea34434202409&q=India&aqi=no,376,0,0
1656501310144,384,Indian Data,200,OK,User 1-2,text,true,,1210,188,31,31,https://api.weatherapi.com/v1/current.json?key=c75b995e87074df99ea34434202409&q=India&aqi=no,383,0,0
1656501310122,408,Indian Data,200,OK,User 1-23,text,true,,1210,188,31,31,https://api.weatherapi.com/v1/current.json?key=c75b995e87074df99ea34434202409&q=India&aqi=no,408,0,0
1656501310144,390,Indian Data,200,OK,User 1-1,text,true,,1210,188,31,31,https://api.weatherapi.com/v1/current.json?key=c75b995e87074df99ea34434202409&q=India&aqi=no,390,0,0
1656501310148,390,Indian Data,200,OK,User 1-16,text,true,,1210,188,31,31,https://api.weatherapi.com/v1/current.json?key=c75b995e87074df99ea34434202409&q=India&aqi=no,390,0,0
1656501310146,396,Indian Data,200,OK,User 1-15,text,true,,1210,188,31,31,https://api.weatherapi.com/v1/current.json?key=c75b995e87074df99ea34434202409&q=India&aqi=no,396,0,0
1656501310149,396,Indian Data,200,OK,User 1-19,text,true,,1210,188,31,31,https://api.weatherapi.com/v1/current.json?key=c75b995e87074df99ea34434202409&q=India&aqi=no,396,0,0
1656501310152,396,Indian Data,200,OK,User 1-6,text,true,,1210,188,31,31,https://api.weatherapi.com/v1/current.json?key=c75b995e87074df99ea34434202409&q=India&aqi=no,396,0,0
1656501310161,391,Indian Data,200,OK,User 1-11,text,true,,1210,188,31,31,https://api.weatherapi.com/v1/current.json?key=c75b995e87074df99ea34434202409&q=India&aqi=no,391,0,0
1656501310319,234,Pakistan Data,200,OK,User 1-5,text,true,,1218,184,31,31,https://api.weatherapi.com/v1/current.json?key=c75b995e87074df99ea34434202409&q=Pakistan,234,0,0
1656501310317,240,Pakistan Data,200,OK,User 1-14,text,true,,1218,184,31,31,https://api.weatherapi.com/v1/current.json?key=c75b995e87074df99ea34434202409&q=Pakistan,240,0,0
1656501310163,394,Indian Data,200,OK,User 1-12,text,true,,1210,188,31,31,https://api.weatherapi.com/v1/current.json?key=c75b995e87074df99ea34434202409&q=India&aqi=no,394,0,0
1656501310150,411,Indian Data,200,OK,User 1-7,text,true,,1210,188,31,31,https://api.weatherapi.com/v1/current.json?key=c75b995e87074df99ea34434202409&q=India&aqi=no,410,0,0
1656501310153,410,Indian Data,200,OK,User 1-9,text,true,,1210,188,31,31,https://api.weatherapi.com/v1/current.json?key=c75b995e87074df99ea34434202409&q=India&aqi=no,409,0,0
1656501310501,67,Pakistan Data,200,OK,User 1-8,text,true,,1214,184,31,31,https://api.weatherapi.com/v1/current.json?key=c75b995e87074df99ea34434202409&q=Pakistan,66,0,0
1656501310317,253,Pakistan Data,200,OK,User 1-22,text,true,,1218,184,31,31,https://api.weatherapi.com/v1/current.json?key=c75b995e87074df99ea34434202409&q=Pakistan,253,0,0
1656501310158,418,Indian Data,200,OK,User 1-10,text,true,,1210,188,31,31,https://api.weatherapi.com/v1/current.json?key=c75b995e87074df99ea34434202409&q=India&aqi=no,415,0,0
1656501310502,75,Pakistan Data,200,OK,User 1-4,text,true,,1214,184,31,31,https://api.weatherapi.com/v1/current.json?key=c75b995e87074df99ea34434202409&q=Pakistan,75,0,0
1656501310186,392,Indian Data,200,OK,User 1-3,text,true,,1210,188,31,31,https://api.weatherapi.com/v1/current.json?key=c75b995e87074df99ea34434202409&q=India&aqi=no,392,0,0
1656501310510,83,Pakistan Data,200,OK,User 1-13,text,true,,1214,184,31,31,https://api.weatherapi.com/v1/current.json?key=c75b995e87074df99ea34434202409&q=Pakistan,83,0,0
1656501310222,372,Indian Data,200,OK,User 1-24,text,true,,1210,188,31,31,https://api.weatherapi.com/v1/current.json?key=c75b995e87074df99ea34434202409&q=India&aqi=no,371,0,0
1656501310531,64,Pakistan Data,200,OK,User 1-23,text,true,,1214,184,31,31,https://api.weatherapi.com/v1/current.json?key=c75b995e87074df99ea34434202409&q=Pakistan,63,0,0
1656501310528,68,Pakistan Data,200,OK,User 1-2,text,true,,1214,184,31,31,https://api.weatherapi.com/v1/current.json?key=c75b995e87074df99ea34434202409&q=Pakistan,68,0,0
1656501310535,79,Pakistan Data,200,OK,User 1-1,text,true,,1214,184,31,31,https://api.weatherapi.com/v1/current.json?key=c75b995e87074df99ea34434202409&q=Pakistan,79,0,0
1656501310313,301,Bangladesh Data,200,OK,User 1-29,text,true,,1406,194,31,31,https://api.weatherapi.com/v1/current.json?key=c75b995e87074df99ea34434202409&q=Bangladesh&aqi=yes,301,0,219
1656501310539,78,Pakistan Data,200,OK,User 1-16,text,true,,1214,184,31,31,https://api.weatherapi.com/v1/current.json?key=c75b995e87074df99ea34434202409&q=Pakistan,77,0,0
1656501310542,76,Pakistan Data,200,OK,User 1-15,text,true,,1214,184,31,31,https://api.weatherapi.com/v1/current.json?key=c75b995e87074df99ea34434202409&q=Pakistan,75,0,0
1656501310506,112,Indian Data,200,OK,User 1-28,text,true,,1206,188,31,31,https://api.weatherapi.com/v1/current.json?key=c75b995e87074df99ea34434202409&q=India&aqi=no,112,0,0
1656501310357,262,Pakistan Data,200,OK,User 1-25,text,true,,1218,184,31,31,https://api.weatherapi.com/v1/current.json?key=c75b995e87074df99ea34434202409&q=Pakistan,261,0,0
1656501310546,76,Pakistan Data,200,OK,User 1-19,text,true,,1214,184,31,31,https://api.weatherapi.com/v1/current.json?key=c75b995e87074df99ea34434202409&q=Pakistan,76,0,0
1656501310549,76,Pakistan Data,200,OK,User 1-6,text,true,,1214,184,31,31,https://api.weatherapi.com/v1/current.json?key=c75b995e87074df99ea34434202409&q=Pakistan,75,0,0
1656501310559,66,Pakistan Data,200,OK,User 1-12,text,true,,1214,184,31,31,https://api.weatherapi.com/v1/current.json?key=c75b995e87074df99ea34434202409&q=Pakistan,66,0,0
1656501310555,71,Pakistan Data,200,OK,User 1-11,text,true,,1214,184,31,31,https://api.weatherapi.com/v1/current.json?key=c75b995e87074df99ea34434202409&q=Pakistan,71,0,0
1656501310563,66,Pakistan Data,200,OK,User 1-9,text,true,,1214,184,31,31,https://api.weatherapi.com/v1/current.json?key=c75b995e87074df99ea34434202409&q=Pakistan,65,0,0
1656501310071,573,Indian Data,200,OK,User 1-20,text,true,,1210,188,31,31,https://api.weatherapi.com/v1/current.json?key=c75b995e87074df99ea34434202409&q=India&aqi=no,572,0,0
1656501310577,67,Pakistan Data,200,OK,User 1-10,text,true,,1214,184,31,31,https://api.weatherapi.com/v1/current.json?key=c75b995e87074df99ea34434202409&q=Pakistan,67,0,0
1656501310594,80,Pakistan Data,200,OK,User 1-24,text,true,,1214,184,31,31,https://api.weatherapi.com/v1/current.json?key=c75b995e87074df99ea34434202409&q=Pakistan,80,0,0
1656501310561,114,Pakistan Data,200,OK,User 1-7,text,true,,1214,184,31,31,https://api.weatherapi.com/v1/current.json?key=c75b995e87074df99ea34434202409&q=Pakistan,114,0,0
1656501310614,74,Indian Data,200,OK,User 1-29,text,true,,1206,188,31,31,https://api.weatherapi.com/v1/current.json?key=c75b995e87074df99ea34434202409&q=India&aqi=no,74,0,0
1656501310619,70,Pakistan Data,200,OK,User 1-28,text,true,,1214,184,31,31,https://api.weatherapi.com/v1/current.json?key=c75b995e87074df99ea34434202409&q=Pakistan,70,0,0
1656501310579,112,Pakistan Data,200,OK,User 1-3,text,true,,1214,184,31,31,https://api.weatherapi.com/v1/current.json?key=c75b995e87074df99ea34434202409&q=Pakistan,112,0,0
1656501310645,65,Pakistan Data,200,OK,User 1-20,text,true,,1214,184,32,32,https://api.weatherapi.com/v1/current.json?key=c75b995e87074df99ea34434202409&q=Pakistan,65,0,0
1656501310413,299,Bangladesh Data,200,OK,User 1-30,text,true,,1406,194,32,32,https://api.weatherapi.com/v1/current.json?key=c75b995e87074df99ea34434202409&q=Bangladesh&aqi=yes,299,0,230
1656501310477,247,Pakistan Data,200,OK,User 1-17,text,true,,1218,184,33,33,https://api.weatherapi.com/v1/current.json?key=c75b995e87074df99ea34434202409&q=Pakistan,247,0,0
1656501310392,334,Pakistan Data,200,OK,User 1-26,text,true,,1218,184,33,33,https://api.weatherapi.com/v1/current.json?key=c75b995e87074df99ea34434202409&q=Pakistan,334,0,0
1656501310463,294,Pakistan Data,200,OK,User 1-27,text,true,,1218,184,33,33,https://api.weatherapi.com/v1/current.json?key=c75b995e87074df99ea34434202409&q=Pakistan,294,0,0
1656501310689,70,Pakistan Data,200,OK,User 1-29,text,true,,1214,184,33,33,https://api.weatherapi.com/v1/current.json?key=c75b995e87074df99ea34434202409&q=Pakistan,70,0,0
1656501310485,290,Pakistan Data,200,OK,User 1-21,text,true,,1218,184,33,33,https://api.weatherapi.com/v1/current.json?key=c75b995e87074df99ea34434202409&q=Pakistan,290,0,0
1656501310712,66,Indian Data,200,OK,User 1-30,text,true,,1206,188,33,33,https://api.weatherapi.com/v1/current.json?key=c75b995e87074df99ea34434202409&q=India&aqi=no,65,0,0
1656501310554,236,Russian  Data,200,OK,User 1-5,text,true,,1217,182,33,33,https://api.weatherapi.com/v1/current.json?key=c75b995e87074df99ea34434202409&q=Russia,236,0,0
1656501310480,316,Pakistan Data,200,OK,User 1-18,text,true,,1218,184,32,32,https://api.weatherapi.com/v1/current.json?key=c75b995e87074df99ea34434202409&q=Pakistan,316,0,0
1656501310725,72,Russian  Data,200,OK,User 1-17,text,true,,1213,182,32,32,https://api.weatherapi.com/v1/current.json?key=c75b995e87074df99ea34434202409&q=Russia,72,0,0
1656501310569,232,Russian  Data,200,OK,User 1-8,text,true,,1217,182,31,31,https://api.weatherapi.com/v1/current.json?key=c75b995e87074df99ea34434202409&q=Russia,231,0,0
1656501310726,76,Russian  Data,200,OK,User 1-26,text,true,,1213,182,31,31,https://api.weatherapi.com/v1/current.json?key=c75b995e87074df99ea34434202409&q=Russia,74,0,0
1656501310558,247,Russian  Data,200,OK,User 1-14,text,true,,1217,182,29,29,https://api.weatherapi.com/v1/current.json?key=c75b995e87074df99ea34434202409&q=Russia,247,0,0
1656501310578,232,Russian  Data,200,OK,User 1-4,text,true,,1217,182,28,28,https://api.weatherapi.com/v1/current.json?key=c75b995e87074df99ea34434202409&q=Russia,227,0,0
1656501310758,60,Russian  Data,200,OK,User 1-27,text,true,,1213,182,27,27,https://api.weatherapi.com/v1/current.json?key=c75b995e87074df99ea34434202409&q=Russia,60,0,0
1656501310776,62,Russian  Data,200,OK,User 1-21,text,true,,1213,182,27,27,https://api.weatherapi.com/v1/current.json?key=c75b995e87074df99ea34434202409&q=Russia,61,0,0
1656501310571,280,Russian  Data,200,OK,User 1-22,text,true,,1217,182,26,26,https://api.weatherapi.com/v1/current.json?key=c75b995e87074df99ea34434202409&q=Russia,280,0,0
1656501310778,75,Pakistan Data,200,OK,User 1-30,text,true,,1214,184,25,25,https://api.weatherapi.com/v1/current.json?key=c75b995e87074df99ea34434202409&q=Pakistan,75,0,0
1656501310760,99,Russian  Data,200,OK,User 1-29,text,true,,1213,182,25,25,https://api.weatherapi.com/v1/current.json?key=c75b995e87074df99ea34434202409&q=Russia,99,0,0
1656501310797,65,Russian  Data,200,OK,User 1-18,text,true,,1213,182,24,24,https://api.weatherapi.com/v1/current.json?key=c75b995e87074df99ea34434202409&q=Russia,65,0,0
1656501310513,364,Bangladesh Data,200,OK,User 1-31,text,true,,1406,194,23,23,https://api.weatherapi.com/v1/current.json?key=c75b995e87074df99ea34434202409&q=Bangladesh&aqi=yes,363,0,248
1656501310854,63,Russian  Data,200,OK,User 1-30,text,true,,1213,182,24,24,https://api.weatherapi.com/v1/current.json?key=c75b995e87074df99ea34434202409&q=Russia,63,0,0
1656501310593,354,Russian  Data,200,OK,User 1-13,text,true,,1217,182,23,23,https://api.weatherapi.com/v1/current.json?key=c75b995e87074df99ea34434202409&q=Russia,354,0,0
1656501310877,70,Indian Data,200,OK,User 1-31,text,true,,1206,188,23,23,https://api.weatherapi.com/v1/current.json?key=c75b995e87074df99ea34434202409&q=India&aqi=no,70,0,0
1656501310596,358,Russian  Data,200,OK,User 1-23,text,true,,1217,182,22,22,https://api.weatherapi.com/v1/current.json?key=c75b995e87074df99ea34434202409&q=Russia,358,0,0
1656501310597,376,Russian  Data,200,OK,User 1-2,text,true,,1217,182,21,21,https://api.weatherapi.com/v1/current.json?key=c75b995e87074df99ea34434202409&q=Russia,376,0,0
1656501310617,359,Russian  Data,200,OK,User 1-16,text,true,,1217,182,20,20,https://api.weatherapi.com/v1/current.json?key=c75b995e87074df99ea34434202409&q=Russia,359,0,0
1656501310701,278,Bangladesh Data,200,OK,User 1-32,text,true,,1406,194,19,19,https://api.weatherapi.com/v1/current.json?key=c75b995e87074df99ea34434202409&q=Bangladesh&aqi=yes,278,0,211
1656501310614,368,Russian  Data,200,OK,User 1-1,text,true,,1217,182,19,19,https://api.weatherapi.com/v1/current.json?key=c75b995e87074df99ea34434202409&q=Russia,368,0,0
1656501310619,369,Russian  Data,200,OK,User 1-25,text,true,,1217,182,18,18,https://api.weatherapi.com/v1/current.json?key=c75b995e87074df99ea34434202409&q=Russia,369,0,0
1656501310627,385,Russian  Data,200,OK,User 1-11,text,true,,1217,182,17,17,https://api.weatherapi.com/v1/current.json?key=c75b995e87074df99ea34434202409&q=Russia,385,0,0
1656501310626,387,Russian  Data,200,OK,User 1-12,text,true,,1217,182,17,17,https://api.weatherapi.com/v1/current.json?key=c75b995e87074df99ea34434202409&q=Russia,387,0,0
1656501310625,398,Russian  Data,200,OK,User 1-6,text,true,,1217,182,16,16,https://api.weatherapi.com/v1/current.json?key=c75b995e87074df99ea34434202409&q=Russia,398,0,0
1656501310623,403,Russian  Data,200,OK,User 1-19,text,true,,1217,182,15,15,https://api.weatherapi.com/v1/current.json?key=c75b995e87074df99ea34434202409&q=Russia,403,0,0
1656501310629,406,Russian  Data,200,OK,User 1-9,text,true,,1217,182,14,14,https://api.weatherapi.com/v1/current.json?key=c75b995e87074df99ea34434202409&q=Russia,406,0,0
1656501310645,393,Russian  Data,200,OK,User 1-10,text,true,,1217,182,13,13,https://api.weatherapi.com/v1/current.json?key=c75b995e87074df99ea34434202409&q=Russia,393,0,0
1656501310618,424,Russian  Data,200,OK,User 1-15,text,true,,1217,182,12,12,https://api.weatherapi.com/v1/current.json?key=c75b995e87074df99ea34434202409&q=Russia,423,0,0
1656501310715,335,Bangladesh Data,200,OK,User 1-33,text,true,,1406,194,11,11,https://api.weatherapi.com/v1/current.json?key=c75b995e87074df99ea34434202409&q=Bangladesh&aqi=yes,335,0,224
1656501310980,72,Indian Data,200,OK,User 1-32,text,true,,1206,188,11,11,https://api.weatherapi.com/v1/current.json?key=c75b995e87074df99ea34434202409&q=India&aqi=no,72,0,0
1656501310689,365,Russian  Data,200,OK,User 1-28,text,true,,1217,182,11,11,https://api.weatherapi.com/v1/current.json?key=c75b995e87074df99ea34434202409&q=Russia,365,0,0
1656501310948,113,Pakistan Data,200,OK,User 1-31,text,true,,1214,184,10,10,https://api.weatherapi.com/v1/current.json?key=c75b995e87074df99ea34434202409&q=Pakistan,112,0,0
1656501310711,357,Russian  Data,200,OK,User 1-20,text,true,,1217,182,10,10,https://api.weatherapi.com/v1/current.json?key=c75b995e87074df99ea34434202409&q=Russia,357,0,0
1656501310692,376,Russian  Data,200,OK,User 1-3,text,true,,1217,182,10,10,https://api.weatherapi.com/v1/current.json?key=c75b995e87074df99ea34434202409&q=Russia,376,0,0
1656501310675,401,Russian  Data,200,OK,User 1-7,text,true,,1217,182,8,8,https://api.weatherapi.com/v1/current.json?key=c75b995e87074df99ea34434202409&q=Russia,401,0,0
1656501310674,414,Russian  Data,200,OK,User 1-24,text,true,,1217,182,7,7,https://api.weatherapi.com/v1/current.json?key=c75b995e87074df99ea34434202409&q=Russia,414,0,0
1656501310821,290,Bangladesh Data,200,OK,User 1-34,text,true,,1406,194,6,6,https://api.weatherapi.com/v1/current.json?key=c75b995e87074df99ea34434202409&q=Bangladesh&aqi=yes,290,0,230
1656501311052,63,Pakistan Data,200,OK,User 1-32,text,true,,1214,184,7,7,https://api.weatherapi.com/v1/current.json?key=c75b995e87074df99ea34434202409&q=Pakistan,63,0,0
1656501311051,67,Indian Data,200,OK,User 1-33,text,true,,1206,188,7,7,https://api.weatherapi.com/v1/current.json?key=c75b995e87074df99ea34434202409&q=India&aqi=no,67,0,0
1656501311061,73,Russian  Data,200,OK,User 1-31,text,true,,1213,182,7,7,https://api.weatherapi.com/v1/current.json?key=c75b995e87074df99ea34434202409&q=Russia,72,0,0
1656501311112,63,Indian Data,200,OK,User 1-34,text,true,,1206,188,6,6,https://api.weatherapi.com/v1/current.json?key=c75b995e87074df99ea34434202409&q=India&aqi=no,63,0,0
1656501311115,62,Russian  Data,200,OK,User 1-32,text,true,,1213,182,6,6,https://api.weatherapi.com/v1/current.json?key=c75b995e87074df99ea34434202409&q=Russia,62,0,0
1656501311119,105,Pakistan Data,200,OK,User 1-33,text,true,,1214,184,6,6,https://api.weatherapi.com/v1/current.json?key=c75b995e87074df99ea34434202409&q=Pakistan,105,0,0
1656501310915,313,Bangladesh Data,200,OK,User 1-35,text,true,,1406,194,6,6,https://api.weatherapi.com/v1/current.json?key=c75b995e87074df99ea34434202409&q=Bangladesh&aqi=yes,313,0,211
1656501311176,61,Pakistan Data,200,OK,User 1-34,text,true,,1214,184,6,6,https://api.weatherapi.com/v1/current.json?key=c75b995e87074df99ea34434202409&q=Pakistan,61,0,0
1656501311237,64,Russian  Data,200,OK,User 1-34,text,true,,1213,182,6,6,https://api.weatherapi.com/v1/current.json?key=c75b995e87074df99ea34434202409&q=Russia,64,0,0
1656501311229,76,Indian Data,200,OK,User 1-35,text,true,,1206,188,5,5,https://api.weatherapi.com/v1/current.json?key=c75b995e87074df99ea34434202409&q=India&aqi=no,75,0,0
1656501311225,80,Russian  Data,200,OK,User 1-33,text,true,,1213,182,5,5,https://api.weatherapi.com/v1/current.json?key=c75b995e87074df99ea34434202409&q=Russia,80,0,0
1656501311016,313,Bangladesh Data,200,OK,User 1-36,text,true,,1406,194,5,5,https://api.weatherapi.com/v1/current.json?key=c75b995e87074df99ea34434202409&q=Bangladesh&aqi=yes,313,0,206
1656501311308,65,Pakistan Data,200,OK,User 1-35,text,true,,1214,184,5,5,https://api.weatherapi.com/v1/current.json?key=c75b995e87074df99ea34434202409&q=Pakistan,65,0,0
1656501311116,284,Bangladesh Data,200,OK,User 1-37,text,true,,1406,194,5,5,https://api.weatherapi.com/v1/current.json?key=c75b995e87074df99ea34434202409&q=Bangladesh&aqi=yes,284,0,217
1656501311330,102,Indian Data,200,OK,User 1-36,text,true,,1206,188,6,6,https://api.weatherapi.com/v1/current.json?key=c75b995e87074df99ea34434202409&q=India&aqi=no,102,0,0
1656501311374,60,Russian  Data,200,OK,User 1-35,text,true,,1213,182,6,6,https://api.weatherapi.com/v1/current.json?key=c75b995e87074df99ea34434202409&q=Russia,60,0,0
1656501311401,75,Indian Data,200,OK,User 1-37,text,true,,1206,188,5,5,https://api.weatherapi.com/v1/current.json?key=c75b995e87074df99ea34434202409&q=India&aqi=no,75,0,0
1656501311433,63,Pakistan Data,200,OK,User 1-36,text,true,,1214,184,5,5,https://api.weatherapi.com/v1/current.json?key=c75b995e87074df99ea34434202409&q=Pakistan,62,0,0
1656501311219,312,Bangladesh Data,200,OK,User 1-38,text,true,,1406,194,6,6,https://api.weatherapi.com/v1/current.json?key=c75b995e87074df99ea34434202409&q=Bangladesh&aqi=yes,312,0,252
1656501311476,63,Pakistan Data,200,OK,User 1-37,text,true,,1214,184,6,6,https://api.weatherapi.com/v1/current.json?key=c75b995e87074df99ea34434202409&q=Pakistan,63,0,0
1656501311496,62,Russian  Data,200,OK,User 1-36,text,true,,1213,182,6,6,https://api.weatherapi.com/v1/current.json?key=c75b995e87074df99ea34434202409&q=Russia,61,0,0
1656501311531,63,Indian Data,200,OK,User 1-38,text,true,,1206,188,5,5,https://api.weatherapi.com/v1/current.json?key=c75b995e87074df99ea34434202409&q=India&aqi=no,63,0,0
1656501311540,63,Russian  Data,200,OK,User 1-37,text,true,,1213,182,5,5,https://api.weatherapi.com/v1/current.json?key=c75b995e87074df99ea34434202409&q=Russia,63,0,0
1656501311315,315,Bangladesh Data,200,OK,User 1-39,text,true,,1406,194,5,5,https://api.weatherapi.com/v1/current.json?key=c75b995e87074df99ea34434202409&q=Bangladesh&aqi=yes,315,0,250
1656501311595,72,Pakistan Data,200,OK,User 1-38,text,true,,1214,184,5,5,https://api.weatherapi.com/v1/current.json?key=c75b995e87074df99ea34434202409&q=Pakistan,71,0,0
1656501311631,67,Indian Data,200,OK,User 1-39,text,true,,1206,188,5,5,https://api.weatherapi.com/v1/current.json?key=c75b995e87074df99ea34434202409&q=India&aqi=no,67,0,0
1656501311667,62,Russian  Data,200,OK,User 1-38,text,true,,1213,182,6,6,https://api.weatherapi.com/v1/current.json?key=c75b995e87074df99ea34434202409&q=Russia,62,0,0
1656501311416,322,Bangladesh Data,200,OK,User 1-40,text,true,,1406,194,5,5,https://api.weatherapi.com/v1/current.json?key=c75b995e87074df99ea34434202409&q=Bangladesh&aqi=yes,322,0,220
1656501311699,76,Pakistan Data,200,OK,User 1-39,text,true,,1214,184,5,5,https://api.weatherapi.com/v1/current.json?key=c75b995e87074df99ea34434202409&q=Pakistan,76,0,0
1656501311739,62,Indian Data,200,OK,User 1-40,text,true,,1206,188,5,5,https://api.weatherapi.com/v1/current.json?key=c75b995e87074df99ea34434202409&q=India&aqi=no,61,0,0
1656501311520,316,Bangladesh Data,200,OK,User 1-41,text,true,,1406,194,6,6,https://api.weatherapi.com/v1/current.json?key=c75b995e87074df99ea34434202409&q=Bangladesh&aqi=yes,316,0,213
1656501311776,71,Russian  Data,200,OK,User 1-39,text,true,,1213,182,6,6,https://api.weatherapi.com/v1/current.json?key=c75b995e87074df99ea34434202409&q=Russia,71,0,0
1656501311801,80,Pakistan Data,200,OK,User 1-40,text,true,,1214,184,5,5,https://api.weatherapi.com/v1/current.json?key=c75b995e87074df99ea34434202409&q=Pakistan,80,0,0
1656501311620,296,Bangladesh Data,200,OK,User 1-42,text,true,,1406,194,5,5,https://api.weatherapi.com/v1/current.json?key=c75b995e87074df99ea34434202409&q=Bangladesh&aqi=yes,296,0,220
1656501311837,104,Indian Data,200,OK,User 1-41,text,true,,1206,188,6,6,https://api.weatherapi.com/v1/current.json?key=c75b995e87074df99ea34434202409&q=India&aqi=no,103,0,0
1656501311882,63,Russian  Data,200,OK,User 1-40,text,true,,1213,182,6,6,https://api.weatherapi.com/v1/current.json?key=c75b995e87074df99ea34434202409&q=Russia,63,0,0
1656501311916,63,Indian Data,200,OK,User 1-42,text,true,,1206,188,5,5,https://api.weatherapi.com/v1/current.json?key=c75b995e87074df99ea34434202409&q=India&aqi=no,62,0,0
1656501311723,278,Bangladesh Data,200,OK,User 1-43,text,true,,1406,194,5,5,https://api.weatherapi.com/v1/current.json?key=c75b995e87074df99ea34434202409&q=Bangladesh&aqi=yes,278,0,216
1656501311941,103,Pakistan Data,200,OK,User 1-41,text,true,,1214,184,6,6,https://api.weatherapi.com/v1/current.json?key=c75b995e87074df99ea34434202409&q=Pakistan,103,0,0
1656501311979,68,Pakistan Data,200,OK,User 1-42,text,true,,1214,184,6,6,https://api.weatherapi.com/v1/current.json?key=c75b995e87074df99ea34434202409&q=Pakistan,68,0,0
1656501312045,62,Russian  Data,200,OK,User 1-41,text,true,,1213,182,6,6,https://api.weatherapi.com/v1/current.json?key=c75b995e87074df99ea34434202409&q=Russia,62,0,0
1656501312002,107,Indian Data,200,OK,User 1-43,text,true,,1206,188,5,5,https://api.weatherapi.com/v1/current.json?key=c75b995e87074df99ea34434202409&q=India&aqi=no,107,0,0
1656501311823,289,Bangladesh Data,200,OK,User 1-44,text,true,,1406,194,5,5,https://api.weatherapi.com/v1/current.json?key=c75b995e87074df99ea34434202409&q=Bangladesh&aqi=yes,289,0,224
1656501312047,76,Russian  Data,200,OK,User 1-42,text,true,,1213,182,6,6,https://api.weatherapi.com/v1/current.json?key=c75b995e87074df99ea34434202409&q=Russia,76,0,0
1656501312110,65,Pakistan Data,200,OK,User 1-43,text,true,,1214,184,5,5,https://api.weatherapi.com/v1/current.json?key=c75b995e87074df99ea34434202409&q=Pakistan,65,0,0
1656501312113,91,Indian Data,200,OK,User 1-44,text,true,,1206,188,5,5,https://api.weatherapi.com/v1/current.json?key=c75b995e87074df99ea34434202409&q=India&aqi=no,91,0,0
1656501311923,283,Bangladesh Data,200,OK,User 1-45,text,true,,1406,194,5,5,https://api.weatherapi.com/v1/current.json?key=c75b995e87074df99ea34434202409&q=Bangladesh&aqi=yes,283,0,218
1656501312176,61,Russian  Data,200,OK,User 1-43,text,true,,1213,182,6,6,https://api.weatherapi.com/v1/current.json?key=c75b995e87074df99ea34434202409&q=Russia,61,0,0
1656501312206,76,Indian Data,200,OK,User 1-45,text,true,,1206,188,5,5,https://api.weatherapi.com/v1/current.json?key=c75b995e87074df99ea34434202409&q=India&aqi=no,76,0,0
1656501312205,79,Pakistan Data,200,OK,User 1-44,text,true,,1214,184,5,5,https://api.weatherapi.com/v1/current.json?key=c75b995e87074df99ea34434202409&q=Pakistan,79,0,0
1656501312022,311,Bangladesh Data,200,OK,User 1-46,text,true,,1406,194,6,6,https://api.weatherapi.com/v1/current.json?key=c75b995e87074df99ea34434202409&q=Bangladesh&aqi=yes,311,0,225
1656501312283,64,Pakistan Data,200,OK,User 1-45,text,true,,1214,184,6,6,https://api.weatherapi.com/v1/current.json?key=c75b995e87074df99ea34434202409&q=Pakistan,64,0,0
1656501312285,64,Russian  Data,200,OK,User 1-44,text,true,,1213,182,6,6,https://api.weatherapi.com/v1/current.json?key=c75b995e87074df99ea34434202409&q=Russia,64,0,0
1656501312124,280,Bangladesh Data,200,OK,User 1-47,text,true,,1406,194,5,5,https://api.weatherapi.com/v1/current.json?key=c75b995e87074df99ea34434202409&q=Bangladesh&aqi=yes,280,0,219
1656501312347,63,Russian  Data,200,OK,User 1-45,text,true,,1213,182,5,5,https://api.weatherapi.com/v1/current.json?key=c75b995e87074df99ea34434202409&q=Russia,63,0,0
1656501312334,104,Indian Data,200,OK,User 1-46,text,true,,1206,188,5,5,https://api.weatherapi.com/v1/current.json?key=c75b995e87074df99ea34434202409&q=India&aqi=no,104,0,0
1656501312405,67,Indian Data,200,OK,User 1-47,text,true,,1206,188,5,5,https://api.weatherapi.com/v1/current.json?key=c75b995e87074df99ea34434202409&q=India&aqi=no,67,0,0
1656501312439,63,Pakistan Data,200,OK,User 1-46,text,true,,1214,184,5,5,https://api.weatherapi.com/v1/current.json?key=c75b995e87074df99ea34434202409&q=Pakistan,63,0,0
1656501312473,62,Pakistan Data,200,OK,User 1-47,text,true,,1214,184,6,6,https://api.weatherapi.com/v1/current.json?key=c75b995e87074df99ea34434202409&q=Pakistan,62,0,0
1656501312503,72,Russian  Data,200,OK,User 1-46,text,true,,1213,182,6,6,https://api.weatherapi.com/v1/current.json?key=c75b995e87074df99ea34434202409&q=Russia,71,0,0
1656501312223,354,Bangladesh Data,200,OK,User 1-48,text,true,,1406,194,5,5,https://api.weatherapi.com/v1/current.json?key=c75b995e87074df99ea34434202409&q=Bangladesh&aqi=yes,354,0,241
1656501312535,62,Russian  Data,200,OK,User 1-47,text,true,,1213,182,5,5,https://api.weatherapi.com/v1/current.json?key=c75b995e87074df99ea34434202409&q=Russia,61,0,0
1656501312324,292,Bangladesh Data,200,OK,User 1-49,text,true,,1406,194,4,4,https://api.weatherapi.com/v1/current.json?key=c75b995e87074df99ea34434202409&q=Bangladesh&aqi=yes,292,0,224
1656501312577,70,Indian Data,200,OK,User 1-48,text,true,,1206,188,5,5,https://api.weatherapi.com/v1/current.json?key=c75b995e87074df99ea34434202409&q=India&aqi=no,70,0,0
1656501312616,67,Indian Data,200,OK,User 1-49,text,true,,1206,188,5,5,https://api.weatherapi.com/v1/current.json?key=c75b995e87074df99ea34434202409&q=India&aqi=no,67,0,0
1656501312423,296,Bangladesh Data,200,OK,User 1-50,text,true,,1406,194,5,5,https://api.weatherapi.com/v1/current.json?key=c75b995e87074df99ea34434202409&q=Bangladesh&aqi=yes,296,0,228
1656501312648,73,Pakistan Data,200,OK,User 1-48,text,true,,1214,184,5,5,https://api.weatherapi.com/v1/current.json?key=c75b995e87074df99ea34434202409&q=Pakistan,73,0,0
1656501312683,67,Pakistan Data,200,OK,User 1-49,text,true,,1214,184,6,6,https://api.weatherapi.com/v1/current.json?key=c75b995e87074df99ea34434202409&q=Pakistan,67,0,0
1656501312720,67,Indian Data,200,OK,User 1-50,text,true,,1206,188,6,6,https://api.weatherapi.com/v1/current.json?key=c75b995e87074df99ea34434202409&q=India&aqi=no,66,0,0
1656501312523,283,Bangladesh Data,200,OK,User 1-51,text,true,,1406,194,6,6,https://api.weatherapi.com/v1/current.json?key=c75b995e87074df99ea34434202409&q=Bangladesh&aqi=yes,283,0,219
1656501312722,85,Russian  Data,200,OK,User 1-48,text,true,,1213,182,6,6,https://api.weatherapi.com/v1/current.json?key=c75b995e87074df99ea34434202409&q=Russia,84,0,0
1656501312750,71,Russian  Data,200,OK,User 1-49,text,true,,1213,182,5,5,https://api.weatherapi.com/v1/current.json?key=c75b995e87074df99ea34434202409&q=Russia,70,0,0
1656501312787,70,Pakistan Data,200,OK,User 1-50,text,true,,1214,184,5,5,https://api.weatherapi.com/v1/current.json?key=c75b995e87074df99ea34434202409&q=Pakistan,69,0,0
1656501312807,65,Indian Data,200,OK,User 1-51,text,true,,1206,188,5,5,https://api.weatherapi.com/v1/current.json?key=c75b995e87074df99ea34434202409&q=India&aqi=no,65,0,0
1656501312624,276,Bangladesh Data,200,OK,User 1-52,text,true,,1406,194,5,5,https://api.weatherapi.com/v1/current.json?key=c75b995e87074df99ea34434202409&q=Bangladesh&aqi=yes,276,0,211
1656501312858,68,Russian  Data,200,OK,User 1-50,text,true,,1213,182,6,6,https://api.weatherapi.com/v1/current.json?key=c75b995e87074df99ea34434202409&q=Russia,68,0,0
1656501312872,66,Pakistan Data,200,OK,User 1-51,text,true,,1214,184,5,5,https://api.weatherapi.com/v1/current.json?key=c75b995e87074df99ea34434202409&q=Pakistan,66,0,0
1656501312901,60,Indian Data,200,OK,User 1-52,text,true,,1206,188,5,5,https://api.weatherapi.com/v1/current.json?key=c75b995e87074df99ea34434202409&q=India&aqi=no,60,0,0
1656501312939,63,Russian  Data,200,OK,User 1-51,text,true,,1213,182,5,5,https://api.weatherapi.com/v1/current.json?key=c75b995e87074df99ea34434202409&q=Russia,63,0,0
1656501312961,61,Pakistan Data,200,OK,User 1-52,text,true,,1214,184,5,5,https://api.weatherapi.com/v1/current.json?key=c75b995e87074df99ea34434202409&q=Pakistan,61,0,0
1656501312724,310,Bangladesh Data,200,OK,User 1-53,text,true,,1406,194,5,5,https://api.weatherapi.com/v1/current.json?key=c75b995e87074df99ea34434202409&q=Bangladesh&aqi=yes,310,0,234
1656501313023,64,Russian  Data,200,OK,User 1-52,text,true,,1213,182,5,5,https://api.weatherapi.com/v1/current.json?key=c75b995e87074df99ea34434202409&q=Russia,64,0,0
1656501313034,69,Indian Data,200,OK,User 1-53,text,true,,1206,188,4,4,https://api.weatherapi.com/v1/current.json?key=c75b995e87074df99ea34434202409&q=India&aqi=no,69,0,0
1656501312823,307,Bangladesh Data,200,OK,User 1-54,text,true,,1406,194,5,5,https://api.weatherapi.com/v1/current.json?key=c75b995e87074df99ea34434202409&q=Bangladesh&aqi=yes,307,0,223
1656501313104,76,Pakistan Data,200,OK,User 1-53,text,true,,1214,184,5,5,https://api.weatherapi.com/v1/current.json?key=c75b995e87074df99ea34434202409&q=Pakistan,76,0,0
1656501313131,66,Indian Data,200,OK,User 1-54,text,true,,1206,188,5,5,https://api.weatherapi.com/v1/current.json?key=c75b995e87074df99ea34434202409&q=India&aqi=no,66,0,0
1656501312908,302,Bangladesh Data,200,OK,User 1-55,text,true,,1406,194,6,6,https://api.weatherapi.com/v1/current.json?key=c75b995e87074df99ea34434202409&q=Bangladesh&aqi=yes,302,0,233
1656501313181,74,Russian  Data,200,OK,User 1-53,text,true,,1213,182,6,6,https://api.weatherapi.com/v1/current.json?key=c75b995e87074df99ea34434202409&q=Russia,74,0,0
1656501313198,70,Pakistan Data,200,OK,User 1-54,text,true,,1214,184,5,5,https://api.weatherapi.com/v1/current.json?key=c75b995e87074df99ea34434202409&q=Pakistan,70,0,0
1656501313211,76,Indian Data,200,OK,User 1-55,text,true,,1206,188,5,5,https://api.weatherapi.com/v1/current.json?key=c75b995e87074df99ea34434202409&q=India&aqi=no,75,0,0
1656501313010,304,Bangladesh Data,200,OK,User 1-56,text,true,,1406,194,6,6,https://api.weatherapi.com/v1/current.json?key=c75b995e87074df99ea34434202409&q=Bangladesh&aqi=yes,303,0,235
1656501313269,64,Russian  Data,200,OK,User 1-54,text,true,,1213,182,6,6,https://api.weatherapi.com/v1/current.json?key=c75b995e87074df99ea34434202409&q=Russia,63,0,0
1656501313287,91,Pakistan Data,200,OK,User 1-55,text,true,,1214,184,5,5,https://api.weatherapi.com/v1/current.json?key=c75b995e87074df99ea34434202409&q=Pakistan,91,0,0
1656501313314,69,Indian Data,200,OK,User 1-56,text,true,,1206,188,5,5,https://api.weatherapi.com/v1/current.json?key=c75b995e87074df99ea34434202409&q=India&aqi=no,69,0,0
1656501313108,294,Bangladesh Data,200,OK,User 1-57,text,true,,1406,194,5,5,https://api.weatherapi.com/v1/current.json?key=c75b995e87074df99ea34434202409&q=Bangladesh&aqi=yes,294,0,228
1656501313381,76,Russian  Data,200,OK,User 1-55,text,true,,1213,182,6,6,https://api.weatherapi.com/v1/current.json?key=c75b995e87074df99ea34434202409&q=Russia,76,0,0
1656501313383,82,Pakistan Data,200,OK,User 1-56,text,true,,1214,184,5,5,https://api.weatherapi.com/v1/current.json?key=c75b995e87074df99ea34434202409&q=Pakistan,82,0,0
1656501313403,70,Indian Data,200,OK,User 1-57,text,true,,1206,188,5,5,https://api.weatherapi.com/v1/current.json?key=c75b995e87074df99ea34434202409&q=India&aqi=no,69,0,0
1656501313208,293,Bangladesh Data,200,OK,User 1-58,text,true,,1406,194,5,5,https://api.weatherapi.com/v1/current.json?key=c75b995e87074df99ea34434202409&q=Bangladesh&aqi=yes,293,0,228
1656501313465,73,Russian  Data,200,OK,User 1-56,text,true,,1213,182,6,6,https://api.weatherapi.com/v1/current.json?key=c75b995e87074df99ea34434202409&q=Russia,73,0,0
1656501313473,65,Pakistan Data,200,OK,User 1-57,text,true,,1214,184,6,6,https://api.weatherapi.com/v1/current.json?key=c75b995e87074df99ea34434202409&q=Pakistan,65,0,0
1656501313502,106,Indian Data,200,OK,User 1-58,text,true,,1206,188,6,6,https://api.weatherapi.com/v1/current.json?key=c75b995e87074df99ea34434202409&q=India&aqi=no,106,0,0
1656501313539,78,Russian  Data,200,OK,User 1-57,text,true,,1213,182,6,6,https://api.weatherapi.com/v1/current.json?key=c75b995e87074df99ea34434202409&q=Russia,78,0,0
1656501313609,71,Pakistan Data,200,OK,User 1-58,text,true,,1214,184,5,5,https://api.weatherapi.com/v1/current.json?key=c75b995e87074df99ea34434202409&q=Pakistan,71,0,0
1656501313309,372,Bangladesh Data,200,OK,User 1-59,text,true,,1406,194,5,5,https://api.weatherapi.com/v1/current.json?key=c75b995e87074df99ea34434202409&q=Bangladesh&aqi=yes,372,0,241
1656501313680,67,Russian  Data,200,OK,User 1-58,text,true,,1213,182,6,6,https://api.weatherapi.com/v1/current.json?key=c75b995e87074df99ea34434202409&q=Russia,67,0,0
1656501313682,69,Indian Data,200,OK,User 1-59,text,true,,1206,188,5,5,https://api.weatherapi.com/v1/current.json?key=c75b995e87074df99ea34434202409&q=India&aqi=no,69,0,0
1656501313409,348,Bangladesh Data,200,OK,User 1-60,text,true,,1406,194,5,5,https://api.weatherapi.com/v1/current.json?key=c75b995e87074df99ea34434202409&q=Bangladesh&aqi=yes,348,0,276
1656501313752,73,Pakistan Data,200,OK,User 1-59,text,true,,1214,184,6,6,https://api.weatherapi.com/v1/current.json?key=c75b995e87074df99ea34434202409&q=Pakistan,73,0,0
1656501313509,360,Bangladesh Data,200,OK,User 1-61,text,true,,1406,194,6,6,https://api.weatherapi.com/v1/current.json?key=c75b995e87074df99ea34434202409&q=Bangladesh&aqi=yes,360,0,250
1656501313758,134,Indian Data,200,OK,User 1-60,text,true,,1206,188,6,6,https://api.weatherapi.com/v1/current.json?key=c75b995e87074df99ea34434202409&q=India&aqi=no,134,0,0
1656501313826,77,Russian  Data,200,OK,User 1-59,text,true,,1213,182,6,6,https://api.weatherapi.com/v1/current.json?key=c75b995e87074df99ea34434202409&q=Russia,77,0,0
1656501313610,307,Bangladesh Data,200,OK,User 1-62,text,true,,1406,194,6,6,https://api.weatherapi.com/v1/current.json?key=c75b995e87074df99ea34434202409&q=Bangladesh&aqi=yes,307,0,241
1656501313870,61,Indian Data,200,OK,User 1-61,text,true,,1206,188,6,6,https://api.weatherapi.com/v1/current.json?key=c75b995e87074df99ea34434202409&q=India&aqi=no,61,0,0
1656501313893,75,Pakistan Data,200,OK,User 1-60,text,true,,1214,184,6,6,https://api.weatherapi.com/v1/current.json?key=c75b995e87074df99ea34434202409&q=Pakistan,75,0,0
1656501313918,74,Indian Data,200,OK,User 1-62,text,true,,1206,188,6,6,https://api.weatherapi.com/v1/current.json?key=c75b995e87074df99ea34434202409&q=India&aqi=no,74,0,0
1656501313932,65,Pakistan Data,200,OK,User 1-61,text,true,,1214,184,6,6,https://api.weatherapi.com/v1/current.json?key=c75b995e87074df99ea34434202409&q=Pakistan,65,0,0
1656501313712,323,Bangladesh Data,200,OK,User 1-63,text,true,,1406,194,7,7,https://api.weatherapi.com/v1/current.json?key=c75b995e87074df99ea34434202409&q=Bangladesh&aqi=yes,323,0,244
1656501313969,74,Russian  Data,200,OK,User 1-60,text,true,,1213,182,7,7,https://api.weatherapi.com/v1/current.json?key=c75b995e87074df99ea34434202409&q=Russia,73,0,0
1656501313998,70,Russian  Data,200,OK,User 1-61,text,true,,1213,182,6,6,https://api.weatherapi.com/v1/current.json?key=c75b995e87074df99ea34434202409&q=Russia,70,0,0
1656501313993,78,Pakistan Data,200,OK,User 1-62,text,true,,1214,184,5,5,https://api.weatherapi.com/v1/current.json?key=c75b995e87074df99ea34434202409&q=Pakistan,77,0,0
1656501314036,62,Indian Data,200,OK,User 1-63,text,true,,1206,188,5,5,https://api.weatherapi.com/v1/current.json?key=c75b995e87074df99ea34434202409&q=India&aqi=no,62,0,0
1656501314071,63,Russian  Data,200,OK,User 1-62,text,true,,1213,182,6,6,https://api.weatherapi.com/v1/current.json?key=c75b995e87074df99ea34434202409&q=Russia,63,0,0
1656501313812,326,Bangladesh Data,200,OK,User 1-64,text,true,,1406,194,5,5,https://api.weatherapi.com/v1/current.json?key=c75b995e87074df99ea34434202409&q=Bangladesh&aqi=yes,326,0,261
1656501313913,285,Bangladesh Data,200,OK,User 1-65,text,true,,1406,194,5,5,https://api.weatherapi.com/v1/current.json?key=c75b995e87074df99ea34434202409&q=Bangladesh&aqi=yes,285,0,224
1656501314138,67,Indian Data,200,OK,User 1-64,text,true,,1206,188,5,5,https://api.weatherapi.com/v1/current.json?key=c75b995e87074df99ea34434202409&q=India&aqi=no,67,0,0
1656501314099,108,Pakistan Data,200,OK,User 1-63,text,true,,1214,184,5,5,https://api.weatherapi.com/v1/current.json?key=c75b995e87074df99ea34434202409&q=Pakistan,108,0,0
1656501314199,67,Indian Data,200,OK,User 1-65,text,true,,1206,188,6,6,https://api.weatherapi.com/v1/current.json?key=c75b995e87074df99ea34434202409&q=India&aqi=no,66,0,0
1656501314206,68,Pakistan Data,200,OK,User 1-64,text,true,,1214,184,6,6,https://api.weatherapi.com/v1/current.json?key=c75b995e87074df99ea34434202409&q=Pakistan,68,0,0
1656501314207,67,Russian  Data,200,OK,User 1-63,text,true,,1213,182,6,6,https://api.weatherapi.com/v1/current.json?key=c75b995e87074df99ea34434202409&q=Russia,67,0,0
1656501314013,296,Bangladesh Data,200,OK,User 1-66,text,true,,1406,194,5,5,https://api.weatherapi.com/v1/current.json?key=c75b995e87074df99ea34434202409&q=Bangladesh&aqi=yes,296,0,235
1656501314266,64,Pakistan Data,200,OK,User 1-65,text,true,,1214,184,6,6,https://api.weatherapi.com/v1/current.json?key=c75b995e87074df99ea34434202409&q=Pakistan,64,0,0
1656501314274,70,Russian  Data,200,OK,User 1-64,text,true,,1213,182,6,6,https://api.weatherapi.com/v1/current.json?key=c75b995e87074df99ea34434202409&q=Russia,70,0,0
1656501314310,63,Indian Data,200,OK,User 1-66,text,true,,1206,188,5,5,https://api.weatherapi.com/v1/current.json?key=c75b995e87074df99ea34434202409&q=India&aqi=no,63,0,0
1656501314331,61,Russian  Data,200,OK,User 1-65,text,true,,1213,182,5,5,https://api.weatherapi.com/v1/current.json?key=c75b995e87074df99ea34434202409&q=Russia,61,0,0
1656501314113,320,Bangladesh Data,200,OK,User 1-67,text,true,,1406,194,5,5,https://api.weatherapi.com/v1/current.json?key=c75b995e87074df99ea34434202409&q=Bangladesh&aqi=yes,319,0,219
1656501314374,69,Pakistan Data,200,OK,User 1-66,text,true,,1214,184,5,5,https://api.weatherapi.com/v1/current.json?key=c75b995e87074df99ea34434202409&q=Pakistan,69,0,0
1656501314214,282,Bangladesh Data,200,OK,User 1-68,text,true,,1406,194,5,5,https://api.weatherapi.com/v1/current.json?key=c75b995e87074df99ea34434202409&q=Bangladesh&aqi=yes,282,0,214
1656501314433,63,Indian Data,200,OK,User 1-67,text,true,,1206,188,5,5,https://api.weatherapi.com/v1/current.json?key=c75b995e87074df99ea34434202409&q=India&aqi=no,63,0,0
1656501314444,61,Russian  Data,200,OK,User 1-66,text,true,,1213,182,5,5,https://api.weatherapi.com/v1/current.json?key=c75b995e87074df99ea34434202409&q=Russia,61,0,0
1656501314496,70,Pakistan Data,200,OK,User 1-67,text,true,,1214,184,5,5,https://api.weatherapi.com/v1/current.json?key=c75b995e87074df99ea34434202409&q=Pakistan,70,0,0
1656501314313,275,Bangladesh Data,200,OK,User 1-69,text,true,,1406,194,5,5,https://api.weatherapi.com/v1/current.json?key=c75b995e87074df99ea34434202409&q=Bangladesh&aqi=yes,275,0,209
1656501314496,114,Indian Data,200,OK,User 1-68,text,true,,1206,188,5,5,https://api.weatherapi.com/v1/current.json?key=c75b995e87074df99ea34434202409&q=India&aqi=no,113,0,0
1656501314566,61,Russian  Data,200,OK,User 1-67,text,true,,1213,182,6,6,https://api.weatherapi.com/v1/current.json?key=c75b995e87074df99ea34434202409&q=Russia,61,0,0
1656501314589,64,Indian Data,200,OK,User 1-69,text,true,,1206,188,5,5,https://api.weatherapi.com/v1/current.json?key=c75b995e87074df99ea34434202409&q=India&aqi=no,64,0,0
1656501314653,65,Pakistan Data,200,OK,User 1-69,text,true,,1214,184,6,6,https://api.weatherapi.com/v1/current.json?key=c75b995e87074df99ea34434202409&q=Pakistan,64,0,0
1656501314610,117,Pakistan Data,200,OK,User 1-68,text,true,,1214,184,6,6,https://api.weatherapi.com/v1/current.json?key=c75b995e87074df99ea34434202409&q=Pakistan,116,0,0
1656501314413,316,Bangladesh Data,200,OK,User 1-70,text,true,,1406,194,6,6,https://api.weatherapi.com/v1/current.json?key=c75b995e87074df99ea34434202409&q=Bangladesh&aqi=yes,315,0,204
1656501314727,66,Russian  Data,200,OK,User 1-68,text,true,,1213,182,6,6,https://api.weatherapi.com/v1/current.json?key=c75b995e87074df99ea34434202409&q=Russia,66,0,0
1656501314729,68,Indian Data,200,OK,User 1-70,text,true,,1206,188,5,5,https://api.weatherapi.com/v1/current.json?key=c75b995e87074df99ea34434202409&q=India&aqi=no,68,0,0
1656501314514,283,Bangladesh Data,200,OK,User 1-71,text,true,,1406,194,5,5,https://api.weatherapi.com/v1/current.json?key=c75b995e87074df99ea34434202409&q=Bangladesh&aqi=yes,283,0,213
1656501314718,106,Russian  Data,200,OK,User 1-69,text,true,,1213,182,6,6,https://api.weatherapi.com/v1/current.json?key=c75b995e87074df99ea34434202409&q=Russia,105,0,0
1656501314797,78,Indian Data,200,OK,User 1-71,text,true,,1206,188,5,5,https://api.weatherapi.com/v1/current.json?key=c75b995e87074df99ea34434202409&q=India&aqi=no,78,0,0
1656501314797,82,Pakistan Data,200,OK,User 1-70,text,true,,1214,184,5,5,https://api.weatherapi.com/v1/current.json?key=c75b995e87074df99ea34434202409&q=Pakistan,82,0,0
1656501314614,279,Bangladesh Data,200,OK,User 1-72,text,true,,1406,194,5,5,https://api.weatherapi.com/v1/current.json?key=c75b995e87074df99ea34434202409&q=Bangladesh&aqi=yes,279,0,216
1656501314876,64,Pakistan Data,200,OK,User 1-71,text,true,,1214,184,6,6,https://api.weatherapi.com/v1/current.json?key=c75b995e87074df99ea34434202409&q=Pakistan,64,0,0
1656501314880,62,Russian  Data,200,OK,User 1-70,text,true,,1213,182,6,6,https://api.weatherapi.com/v1/current.json?key=c75b995e87074df99ea34434202409&q=Russia,62,0,0
1656501314894,63,Indian Data,200,OK,User 1-72,text,true,,1206,188,5,5,https://api.weatherapi.com/v1/current.json?key=c75b995e87074df99ea34434202409&q=India&aqi=no,62,0,0
1656501314940,62,Russian  Data,200,OK,User 1-71,text,true,,1213,182,6,6,https://api.weatherapi.com/v1/current.json?key=c75b995e87074df99ea34434202409&q=Russia,62,0,0
1656501314715,296,Bangladesh Data,200,OK,User 1-73,text,true,,1406,194,5,5,https://api.weatherapi.com/v1/current.json?key=c75b995e87074df99ea34434202409&q=Bangladesh&aqi=yes,296,0,229
1656501314957,63,Pakistan Data,200,OK,User 1-72,text,true,,1214,184,5,5,https://api.weatherapi.com/v1/current.json?key=c75b995e87074df99ea34434202409&q=Pakistan,63,0,0
1656501315011,67,Indian Data,200,OK,User 1-73,text,true,,1206,188,5,5,https://api.weatherapi.com/v1/current.json?key=c75b995e87074df99ea34434202409&q=India&aqi=no,67,0,0
1656501314799,280,Bangladesh Data,200,OK,User 1-74,text,true,,1406,194,5,5,https://api.weatherapi.com/v1/current.json?key=c75b995e87074df99ea34434202409&q=Bangladesh&aqi=yes,280,0,213
1656501315021,65,Russian  Data,200,OK,User 1-72,text,true,,1213,182,5,5,https://api.weatherapi.com/v1/current.json?key=c75b995e87074df99ea34434202409&q=Russia,65,0,0
1656501315080,70,Indian Data,200,OK,User 1-74,text,true,,1206,188,5,5,https://api.weatherapi.com/v1/current.json?key=c75b995e87074df99ea34434202409&q=India&aqi=no,70,0,0
1656501314898,276,Bangladesh Data,200,OK,User 1-75,text,true,,1406,194,5,5,https://api.weatherapi.com/v1/current.json?key=c75b995e87074df99ea34434202409&q=Bangladesh&aqi=yes,276,0,213
1656501315079,108,Pakistan Data,200,OK,User 1-73,text,true,,1214,184,5,5,https://api.weatherapi.com/v1/current.json?key=c75b995e87074df99ea34434202409&q=Pakistan,108,0,0
1656501315151,62,Pakistan Data,200,OK,User 1-74,text,true,,1214,184,6,6,https://api.weatherapi.com/v1/current.json?key=c75b995e87074df99ea34434202409&q=Pakistan,62,0,0
1656501315175,64,Indian Data,200,OK,User 1-75,text,true,,1206,188,6,6,https://api.weatherapi.com/v1/current.json?key=c75b995e87074df99ea34434202409&q=India&aqi=no,64,0,0
1656501315188,67,Russian  Data,200,OK,User 1-73,text,true,,1213,182,6,6,https://api.weatherapi.com/v1/current.json?key=c75b995e87074df99ea34434202409&q=Russia,66,0,0
1656501315214,60,Russian  Data,200,OK,User 1-74,text,true,,1213,182,5,5,https://api.weatherapi.com/v1/current.json?key=c75b995e87074df99ea34434202409&q=Russia,60,0,0
1656501315240,60,Pakistan Data,200,OK,User 1-75,text,true,,1214,184,5,5,https://api.weatherapi.com/v1/current.json?key=c75b995e87074df99ea34434202409&q=Pakistan,59,0,0
1656501314999,328,Bangladesh Data,200,OK,User 1-76,text,true,,1406,194,5,5,https://api.weatherapi.com/v1/current.json?key=c75b995e87074df99ea34434202409&q=Bangladesh&aqi=yes,327,0,221
1656501315300,67,Russian  Data,200,OK,User 1-75,text,true,,1213,182,5,5,https://api.weatherapi.com/v1/current.json?key=c75b995e87074df99ea34434202409&q=Russia,66,0,0
1656501315100,283,Bangladesh Data,200,OK,User 1-77,text,true,,1406,194,4,4,https://api.weatherapi.com/v1/current.json?key=c75b995e87074df99ea34434202409&q=Bangladesh&aqi=yes,282,0,220
1656501315327,66,Indian Data,200,OK,User 1-76,text,true,,1206,188,4,4,https://api.weatherapi.com/v1/current.json?key=c75b995e87074df99ea34434202409&q=India&aqi=no,66,0,0
1656501315383,62,Indian Data,200,OK,User 1-77,text,true,,1206,188,5,5,https://api.weatherapi.com/v1/current.json?key=c75b995e87074df99ea34434202409&q=India&aqi=no,62,0,0
1656501315394,74,Pakistan Data,200,OK,User 1-76,text,true,,1214,184,5,5,https://api.weatherapi.com/v1/current.json?key=c75b995e87074df99ea34434202409&q=Pakistan,74,0,0
1656501315446,70,Pakistan Data,200,OK,User 1-77,text,true,,1214,184,6,6,https://api.weatherapi.com/v1/current.json?key=c75b995e87074df99ea34434202409&q=Pakistan,70,0,0
1656501315469,71,Russian  Data,200,OK,User 1-76,text,true,,1213,182,6,6,https://api.weatherapi.com/v1/current.json?key=c75b995e87074df99ea34434202409&q=Russia,71,0,0
1656501315198,355,Bangladesh Data,200,OK,User 1-78,text,true,,1406,194,5,5,https://api.weatherapi.com/v1/current.json?key=c75b995e87074df99ea34434202409&q=Bangladesh&aqi=yes,355,0,238
1656501315517,62,Russian  Data,200,OK,User 1-77,text,true,,1213,182,5,5,https://api.weatherapi.com/v1/current.json?key=c75b995e87074df99ea34434202409&q=Russia,61,0,0
1656501315299,301,Bangladesh Data,200,OK,User 1-79,text,true,,1406,194,5,5,https://api.weatherapi.com/v1/current.json?key=c75b995e87074df99ea34434202409&q=Bangladesh&aqi=yes,300,0,230
1656501315553,122,Indian Data,200,OK,User 1-78,text,true,,1206,188,5,5,https://api.weatherapi.com/v1/current.json?key=c75b995e87074df99ea34434202409&q=India&aqi=no,122,0,0
1656501315600,109,Indian Data,200,OK,User 1-79,text,true,,1206,188,6,6,https://api.weatherapi.com/v1/current.json?key=c75b995e87074df99ea34434202409&q=India&aqi=no,109,0,0
1656501315398,357,Bangladesh Data,200,OK,User 1-80,text,true,,1406,194,6,6,https://api.weatherapi.com/v1/current.json?key=c75b995e87074df99ea34434202409&q=Bangladesh&aqi=yes,356,0,278
1656501315676,79,Pakistan Data,200,OK,User 1-78,text,true,,1214,184,6,6,https://api.weatherapi.com/v1/current.json?key=c75b995e87074df99ea34434202409&q=Pakistan,79,0,0
1656501315709,68,Pakistan Data,200,OK,User 1-79,text,true,,1214,184,6,6,https://api.weatherapi.com/v1/current.json?key=c75b995e87074df99ea34434202409&q=Pakistan,68,0,0
1656501315755,67,Indian Data,200,OK,User 1-80,text,true,,1206,188,7,7,https://api.weatherapi.com/v1/current.json?key=c75b995e87074df99ea34434202409&q=India&aqi=no,67,0,0
1656501315497,330,Bangladesh Data,200,OK,User 1-81,text,true,,1406,194,7,7,https://api.weatherapi.com/v1/current.json?key=c75b995e87074df99ea34434202409&q=Bangladesh&aqi=yes,330,0,257
1656501315756,72,Russian  Data,200,OK,User 1-78,text,true,,1213,182,7,7,https://api.weatherapi.com/v1/current.json?key=c75b995e87074df99ea34434202409&q=Russia,71,0,0
1656501315778,105,Russian  Data,200,OK,User 1-79,text,true,,1213,182,6,6,https://api.weatherapi.com/v1/current.json?key=c75b995e87074df99ea34434202409&q=Russia,105,0,0
1656501315823,67,Pakistan Data,200,OK,User 1-80,text,true,,1214,184,5,5,https://api.weatherapi.com/v1/current.json?key=c75b995e87074df99ea34434202409&q=Pakistan,66,0,0
1656501315828,68,Indian Data,200,OK,User 1-81,text,true,,1206,188,6,6,https://api.weatherapi.com/v1/current.json?key=c75b995e87074df99ea34434202409&q=India&aqi=no,68,0,0
1656501315597,315,Bangladesh Data,200,OK,User 1-82,text,true,,1406,194,6,6,https://api.weatherapi.com/v1/current.json?key=c75b995e87074df99ea34434202409&q=Bangladesh&aqi=yes,315,0,215
1656501315890,66,Russian  Data,200,OK,User 1-80,text,true,,1213,182,6,6,https://api.weatherapi.com/v1/current.json?key=c75b995e87074df99ea34434202409&q=Russia,66,0,0
1656501315897,75,Pakistan Data,200,OK,User 1-81,text,true,,1214,184,5,5,https://api.weatherapi.com/v1/current.json?key=c75b995e87074df99ea34434202409&q=Pakistan,75,0,0
1656501315699,293,Bangladesh Data,200,OK,User 1-83,text,true,,1406,194,5,5,https://api.weatherapi.com/v1/current.json?key=c75b995e87074df99ea34434202409&q=Bangladesh&aqi=yes,293,0,223
1656501315913,105,Indian Data,200,OK,User 1-82,text,true,,1206,188,6,6,https://api.weatherapi.com/v1/current.json?key=c75b995e87074df99ea34434202409&q=India&aqi=no,104,0,0
1656501315973,75,Russian  Data,200,OK,User 1-81,text,true,,1213,182,6,6,https://api.weatherapi.com/v1/current.json?key=c75b995e87074df99ea34434202409&q=Russia,75,0,0
1656501315993,65,Indian Data,200,OK,User 1-83,text,true,,1206,188,5,5,https://api.weatherapi.com/v1/current.json?key=c75b995e87074df99ea34434202409&q=India&aqi=no,65,0,0
1656501316018,72,Pakistan Data,200,OK,User 1-82,text,true,,1214,184,5,5,https://api.weatherapi.com/v1/current.json?key=c75b995e87074df99ea34434202409&q=Pakistan,72,0,0
1656501316059,67,Pakistan Data,200,OK,User 1-83,text,true,,1214,184,6,6,https://api.weatherapi.com/v1/current.json?key=c75b995e87074df99ea34434202409&q=Pakistan,67,0,0
1656501315795,343,Bangladesh Data,200,OK,User 1-84,text,true,,1406,194,6,6,https://api.weatherapi.com/v1/current.json?key=c75b995e87074df99ea34434202409&q=Bangladesh&aqi=yes,343,0,221
1656501316091,71,Russian  Data,200,OK,User 1-82,text,true,,1213,182,6,6,https://api.weatherapi.com/v1/current.json?key=c75b995e87074df99ea34434202409&q=Russia,71,0,0
1656501315894,282,Bangladesh Data,200,OK,User 1-85,text,true,,1406,194,5,5,https://api.weatherapi.com/v1/current.json?key=c75b995e87074df99ea34434202409&q=Bangladesh&aqi=yes,282,0,216
1656501316126,70,Russian  Data,200,OK,User 1-83,text,true,,1213,182,6,6,https://api.weatherapi.com/v1/current.json?key=c75b995e87074df99ea34434202409&q=Russia,70,0,0
1656501316138,61,Indian Data,200,OK,User 1-84,text,true,,1206,188,5,5,https://api.weatherapi.com/v1/current.json?key=c75b995e87074df99ea34434202409&q=India&aqi=no,61,0,0
1656501316177,65,Indian Data,200,OK,User 1-85,text,true,,1206,188,5,5,https://api.weatherapi.com/v1/current.json?key=c75b995e87074df99ea34434202409&q=India&aqi=no,65,0,0
1656501316200,86,Pakistan Data,200,OK,User 1-84,text,true,,1214,184,5,5,https://api.weatherapi.com/v1/current.json?key=c75b995e87074df99ea34434202409&q=Pakistan,86,0,0
1656501315996,292,Bangladesh Data,200,OK,User 1-86,text,true,,1406,194,5,5,https://api.weatherapi.com/v1/current.json?key=c75b995e87074df99ea34434202409&q=Bangladesh&aqi=yes,292,0,223
1656501316242,63,Pakistan Data,200,OK,User 1-85,text,true,,1214,184,6,6,https://api.weatherapi.com/v1/current.json?key=c75b995e87074df99ea34434202409&q=Pakistan,63,0,0
1656501316287,74,Russian  Data,200,OK,User 1-84,text,true,,1213,182,6,6,https://api.weatherapi.com/v1/current.json?key=c75b995e87074df99ea34434202409&q=Russia,74,0,0
1656501316289,80,Indian Data,200,OK,User 1-86,text,true,,1206,188,5,5,https://api.weatherapi.com/v1/current.json?key=c75b995e87074df99ea34434202409&q=India&aqi=no,80,0,0
1656501316306,67,Russian  Data,200,OK,User 1-85,text,true,,1213,182,5,5,https://api.weatherapi.com/v1/current.json?key=c75b995e87074df99ea34434202409&q=Russia,67,0,0
1656501316095,313,Bangladesh Data,200,OK,User 1-87,text,true,,1406,194,5,5,https://api.weatherapi.com/v1/current.json?key=c75b995e87074df99ea34434202409&q=Bangladesh&aqi=yes,313,0,242
1656501316370,63,Pakistan Data,200,OK,User 1-86,text,true,,1214,184,5,5,https://api.weatherapi.com/v1/current.json?key=c75b995e87074df99ea34434202409&q=Pakistan,63,0,0
1656501316408,68,Indian Data,200,OK,User 1-87,text,true,,1206,188,5,5,https://api.weatherapi.com/v1/current.json?key=c75b995e87074df99ea34434202409&q=India&aqi=no,68,0,0
1656501316194,295,Bangladesh Data,200,OK,User 1-88,text,true,,1406,194,5,5,https://api.weatherapi.com/v1/current.json?key=c75b995e87074df99ea34434202409&q=Bangladesh&aqi=yes,295,0,232
1656501316434,69,Russian  Data,200,OK,User 1-86,text,true,,1213,182,6,6,https://api.weatherapi.com/v1/current.json?key=c75b995e87074df99ea34434202409&q=Russia,68,0,0
1656501316482,69,Pakistan Data,200,OK,User 1-87,text,true,,1214,184,5,5,https://api.weatherapi.com/v1/current.json?key=c75b995e87074df99ea34434202409&q=Pakistan,68,0,0
1656501316489,105,Indian Data,200,OK,User 1-88,text,true,,1206,188,6,6,https://api.weatherapi.com/v1/current.json?key=c75b995e87074df99ea34434202409&q=India&aqi=no,105,0,0
1656501316294,301,Bangladesh Data,200,OK,User 1-89,text,true,,1406,194,6,6,https://api.weatherapi.com/v1/current.json?key=c75b995e87074df99ea34434202409&q=Bangladesh&aqi=yes,301,0,237
1656501316551,70,Russian  Data,200,OK,User 1-87,text,true,,1213,182,6,6,https://api.weatherapi.com/v1/current.json?key=c75b995e87074df99ea34434202409&q=Russia,70,0,0
1656501316595,60,Pakistan Data,200,OK,User 1-88,text,true,,1214,184,5,5,https://api.weatherapi.com/v1/current.json?key=c75b995e87074df99ea34434202409&q=Pakistan,59,0,0
1656501316595,75,Indian Data,200,OK,User 1-89,text,true,,1206,188,5,5,https://api.weatherapi.com/v1/current.json?key=c75b995e87074df99ea34434202409&q=India&aqi=no,75,0,0
1656501316394,303,Bangladesh Data,200,OK,User 1-90,text,true,,1406,194,5,5,https://api.weatherapi.com/v1/current.json?key=c75b995e87074df99ea34434202409&q=Bangladesh&aqi=yes,303,0,236
1656501316655,60,Russian  Data,200,OK,User 1-88,text,true,,1213,182,6,6,https://api.weatherapi.com/v1/current.json?key=c75b995e87074df99ea34434202409&q=Russia,60,0,0
1656501316671,65,Pakistan Data,200,OK,User 1-89,text,true,,1214,184,5,5,https://api.weatherapi.com/v1/current.json?key=c75b995e87074df99ea34434202409&q=Pakistan,65,0,0
1656501316697,63,Indian Data,200,OK,User 1-90,text,true,,1206,188,5,5,https://api.weatherapi.com/v1/current.json?key=c75b995e87074df99ea34434202409&q=India&aqi=no,63,0,0
1656501316494,288,Bangladesh Data,200,OK,User 1-91,text,true,,1406,194,5,5,https://api.weatherapi.com/v1/current.json?key=c75b995e87074df99ea34434202409&q=Bangladesh&aqi=yes,288,0,224
1656501316737,72,Russian  Data,200,OK,User 1-89,text,true,,1213,182,6,6,https://api.weatherapi.com/v1/current.json?key=c75b995e87074df99ea34434202409&q=Russia,72,0,0
1656501316761,65,Pakistan Data,200,OK,User 1-90,text,true,,1214,184,5,5,https://api.weatherapi.com/v1/current.json?key=c75b995e87074df99ea34434202409&q=Pakistan,65,0,0
1656501316592,296,Bangladesh Data,200,OK,User 1-92,text,true,,1406,194,5,5,https://api.weatherapi.com/v1/current.json?key=c75b995e87074df99ea34434202409&q=Bangladesh&aqi=yes,296,0,229
1656501316827,63,Russian  Data,200,OK,User 1-90,text,true,,1213,182,6,6,https://api.weatherapi.com/v1/current.json?key=c75b995e87074df99ea34434202409&q=Russia,63,0,0
1656501316783,109,Indian Data,200,OK,User 1-91,text,true,,1206,188,5,5,https://api.weatherapi.com/v1/current.json?key=c75b995e87074df99ea34434202409&q=India&aqi=no,109,0,0
1656501316892,74,Pakistan Data,200,OK,User 1-91,text,true,,1214,184,5,5,https://api.weatherapi.com/v1/current.json?key=c75b995e87074df99ea34434202409&q=Pakistan,74,0,0
1656501316704,279,Bangladesh Data,200,OK,User 1-93,text,true,,1406,194,5,5,https://api.weatherapi.com/v1/current.json?key=c75b995e87074df99ea34434202409&q=Bangladesh&aqi=yes,279,0,216
1656501316888,108,Indian Data,200,OK,User 1-92,text,true,,1206,188,6,6,https://api.weatherapi.com/v1/current.json?key=c75b995e87074df99ea34434202409&q=India&aqi=no,108,0,0
1656501316967,62,Russian  Data,200,OK,User 1-91,text,true,,1213,182,6,6,https://api.weatherapi.com/v1/current.json?key=c75b995e87074df99ea34434202409&q=Russia,62,0,0
1656501316983,60,Indian Data,200,OK,User 1-93,text,true,,1206,188,5,5,https://api.weatherapi.com/v1/current.json?key=c75b995e87074df99ea34434202409&q=India&aqi=no,60,0,0
1656501316996,65,Pakistan Data,200,OK,User 1-92,text,true,,1214,184,5,5,https://api.weatherapi.com/v1/current.json?key=c75b995e87074df99ea34434202409&q=Pakistan,65,0,0
1656501317044,62,Pakistan Data,200,OK,User 1-93,text,true,,1214,184,6,6,https://api.weatherapi.com/v1/current.json?key=c75b995e87074df99ea34434202409&q=Pakistan,62,0,0
1656501316791,317,Bangladesh Data,200,OK,User 1-94,text,true,,1406,194,6,6,https://api.weatherapi.com/v1/current.json?key=c75b995e87074df99ea34434202409&q=Bangladesh&aqi=yes,317,0,213
1656501317062,64,Russian  Data,200,OK,User 1-92,text,true,,1213,182,6,6,https://api.weatherapi.com/v1/current.json?key=c75b995e87074df99ea34434202409&q=Russia,64,0,0
1656501316892,276,Bangladesh Data,200,OK,User 1-95,text,true,,1406,194,5,5,https://api.weatherapi.com/v1/current.json?key=c75b995e87074df99ea34434202409&q=Bangladesh&aqi=yes,276,0,214
1656501317106,61,Russian  Data,200,OK,User 1-93,text,true,,1213,182,5,5,https://api.weatherapi.com/v1/current.json?key=c75b995e87074df99ea34434202409&q=Russia,61,0,0
1656501317109,120,Indian Data,200,OK,User 1-94,text,true,,1206,188,5,5,https://api.weatherapi.com/v1/current.json?key=c75b995e87074df99ea34434202409&q=India&aqi=no,120,0,0
1656501317168,63,Indian Data,200,OK,User 1-95,text,true,,1206,188,5,5,https://api.weatherapi.com/v1/current.json?key=c75b995e87074df99ea34434202409&q=India&aqi=no,63,0,0
1656501317231,92,Pakistan Data,200,OK,User 1-95,text,true,,1214,184,6,6,https://api.weatherapi.com/v1/current.json?key=c75b995e87074df99ea34434202409&q=Pakistan,92,0,0
1656501317230,95,Pakistan Data,200,OK,User 1-94,text,true,,1214,184,6,6,https://api.weatherapi.com/v1/current.json?key=c75b995e87074df99ea34434202409&q=Pakistan,95,0,0
1656501316991,388,Bangladesh Data,200,OK,User 1-96,text,true,,1406,194,6,6,https://api.weatherapi.com/v1/current.json?key=c75b995e87074df99ea34434202409&q=Bangladesh&aqi=yes,388,0,238
1656501317323,66,Russian  Data,200,OK,User 1-95,text,true,,1213,182,7,7,https://api.weatherapi.com/v1/current.json?key=c75b995e87074df99ea34434202409&q=Russia,66,0,0
1656501317326,63,Russian  Data,200,OK,User 1-94,text,true,,1213,182,7,7,https://api.weatherapi.com/v1/current.json?key=c75b995e87074df99ea34434202409&q=Russia,63,0,0
1656501317091,301,Bangladesh Data,200,OK,User 1-97,text,true,,1406,194,5,5,https://api.weatherapi.com/v1/current.json?key=c75b995e87074df99ea34434202409&q=Bangladesh&aqi=yes,301,0,236
1656501317380,62,Indian Data,200,OK,User 1-96,text,true,,1206,188,5,5,https://api.weatherapi.com/v1/current.json?key=c75b995e87074df99ea34434202409&q=India&aqi=no,62,0,0
1656501317393,86,Indian Data,200,OK,User 1-97,text,true,,1206,188,5,5,https://api.weatherapi.com/v1/current.json?key=c75b995e87074df99ea34434202409&q=India&aqi=no,86,0,0
1656501317190,292,Bangladesh Data,200,OK,User 1-98,text,true,,1406,194,5,5,https://api.weatherapi.com/v1/current.json?key=c75b995e87074df99ea34434202409&q=Bangladesh&aqi=yes,292,0,223
1656501317443,62,Pakistan Data,200,OK,User 1-96,text,true,,1214,184,5,5,https://api.weatherapi.com/v1/current.json?key=c75b995e87074df99ea34434202409&q=Pakistan,62,0,0
1656501317479,69,Pakistan Data,200,OK,User 1-97,text,true,,1214,184,5,5,https://api.weatherapi.com/v1/current.json?key=c75b995e87074df99ea34434202409&q=Pakistan,68,0,0
1656501317482,80,Indian Data,200,OK,User 1-98,text,true,,1206,188,5,5,https://api.weatherapi.com/v1/current.json?key=c75b995e87074df99ea34434202409&q=India&aqi=no,80,0,0
1656501317506,61,Russian  Data,200,OK,User 1-96,text,true,,1213,182,5,5,https://api.weatherapi.com/v1/current.json?key=c75b995e87074df99ea34434202409&q=Russia,61,0,0
1656501317290,299,Bangladesh Data,200,OK,User 1-99,text,true,,1406,194,4,4,https://api.weatherapi.com/v1/current.json?key=c75b995e87074df99ea34434202409&q=Bangladesh&aqi=yes,299,0,237
1656501317548,65,Russian  Data,200,OK,User 1-97,text,true,,1213,182,4,4,https://api.weatherapi.com/v1/current.json?key=c75b995e87074df99ea34434202409&q=Russia,65,0,0
1656501317563,68,Pakistan Data,200,OK,User 1-98,text,true,,1214,184,3,3,https://api.weatherapi.com/v1/current.json?key=c75b995e87074df99ea34434202409&q=Pakistan,68,0,0
1656501317590,62,Indian Data,200,OK,User 1-99,text,true,,1206,188,3,3,https://api.weatherapi.com/v1/current.json?key=c75b995e87074df99ea34434202409&q=India&aqi=no,62,0,0
1656501317388,315,Bangladesh Data,200,OK,User 1-100,text,true,,1406,194,3,3,https://api.weatherapi.com/v1/current.json?key=c75b995e87074df99ea34434202409&q=Bangladesh&aqi=yes,315,0,247
1656501317654,63,Pakistan Data,200,OK,User 1-99,text,true,,1214,184,3,3,https://api.weatherapi.com/v1/current.json?key=c75b995e87074df99ea34434202409&q=Pakistan,63,0,0
1656501317634,105,Russian  Data,200,OK,User 1-98,text,true,,1213,182,3,3,https://api.weatherapi.com/v1/current.json?key=c75b995e87074df99ea34434202409&q=Russia,105,0,0
1656501317704,68,Indian Data,200,OK,User 1-100,text,true,,1206,188,2,2,https://api.weatherapi.com/v1/current.json?key=c75b995e87074df99ea34434202409&q=India&aqi=no,68,0,0
1656501317718,63,Russian  Data,200,OK,User 1-99,text,true,,1213,182,2,2,https://api.weatherapi.com/v1/current.json?key=c75b995e87074df99ea34434202409&q=Russia,63,0,0
1656501317773,69,Pakistan Data,200,OK,User 1-100,text,true,,1214,184,1,1,https://api.weatherapi.com/v1/current.json?key=c75b995e87074df99ea34434202409&q=Pakistan,69,0,0
1656501317842,70,Russian  Data,200,OK,User 1-100,text,true,,1213,182,1,1,https://api.weatherapi.com/v1/current.json?key=c75b995e87074df99ea34434202409&q=Russia,69,0,0
